{
    "user": [
        {
            "fiscalCode": "RSSMRA80A01H501U",
            "name": "Mario",
            "surname": "Rossi",
            "Email": "mario.rossi@example.com",
            "contributions": 300,
            "NextVoucherID": 3,
            "Admin": false
        },
        {
            "fiscalCode": "VRDLGU85B02H501U",
            "name": "Luigi",
            "surname": "Verdi",
            "Email": "luigi.verdi@example.com",
            "contributions": 500,
            "NextVoucherID": 1,
            "Admin": false
        },
        {
           "fiscalCode": "BNILNAE55C82601U",
            "name": "Anna",
            "surname": "Bianchi",
            "Email": "anna.bianchi@example.com",
            "contributions": 0,
            "NextVoucherID": 1,
            "Admin": true
        }
    ]
}