{
    "voucher": [
        {
            "idVoucher": 1,
            "userId": "RSSMRA80A01H501U",
            "amount": 140,
            "category": "cinema",
            "status": "true",
            "creationDate": "2023-10-01",
            "expirationDate": null
        },
        {
            "idVoucher": 2,
            "userId": "RSSMRA80A01H501U",
            "amount": 60,
            "type": "books",
            "status": "false",
            "creationDate": "2023-09-15",
            "expirationDate": "2023-09-20"
        }
    ]
}